code,barcode,price,name,img,qty,cat
247138,5035766063322,1000,Amstel Bier Lager 300ml,/1/e1124dbd-f223-411e-a3a8-102e5e48df48.jpg,0,0
247477,5035766062578,1449,Birra Moretti Lager Beer 330ml Bottles,/1/099f4996-cb15-4b95-966a-2af3673dc1b0.jpg,0,0
233157,5014379004687,1249,Budweiser King of Beers Lager Beer 300ml,/1/d1db520c-bbcd-489f-a41e-ae08a2027984.jpg,0,0
235376,5014379004786,1499,Budweiser King of Beers Lager Beer 300ml,/1/5a68ec2f-a8e3-4e4e-8d73-bcf24c6df63d.jpg,0,0
248226,5010038441824,1099,Carling Original Lager 440ml,/1/e772363c-e491-45c3-95e5-dacba24e997f.jpg,0,0
226689,5016325848666,2499,Carlsberg Lager Beer 330ml,/1/b30040f3-42ac-4639-9ca4-13dd7d23d97c.jpg,0,0
87646,7501064193040,1399,Corona Lager Beer Bottles 330ml,/1/eb84a10b-bd04-406e-8582-4b76456e33ab.jpg,0,0
251316,5035766181460,1798,Foster's Lager Beer 440ml Cans,/1/1eb63749-3ed4-421f-bbf2-0906f1ab44bc.jpg,0,0
257538,5035766063919,1299,Heineken Lager Beer 440ml,/1/182b4be4-8db4-4cab-b215-8ec73c9b5c18.jpg,0,0
163994,5035766381426,1299,Kronenbourg 1664 Lager Beer 275ml Bottles,/1/f2f0f5c4-f993-4862-9a69-7e0c02f21ff8.jpg,0,0
263576,5014379012866,1249,Stella Artois Belgium Premium Lager Beer Cans 440ml,/1/eb3ca40c-1f72-46c1-b0dc-518f1918b489.jpg,0,0
1011159,5060154912234,5423,BrewDog Dead Pony Club 330ml,/2/7b1aba0e-e69d-40b5-900c-ff7be8d3ce8f.jpg,0,1
263443,5056025448124,1099,BrewDog Punk IPA Post Modern Classic 330ml,/1/8d750cd5-8345-4604-b814-e0d30a9b40bb.jpg,0,1
1011842,5056025409057,6023,Brewdog Clockwork Tangerine Can,/71172/77e1de12-e490-4668-82d8-7ff6fca52d66.jpg,0,1
1011160,5060154918380,6422,Brewdog Elvis Juice,/71172/fc6be2c5-21c7-40f3-9ea9-fb30152fda68.jpg,0,1
1011841,5056025409385,4423,Brewdog Nanny State 0.5% Cans,/71172/b64a0a19-b6b7-4081-8caf-2049f2cdb1bf.jpg,0,1
1016460,5056025434387,5583,Brewdog Pale Ale 4% 330ml,/71172/13ec927d-affd-45e9-9186-42eb7232088c.jpg,0,1
1014686,5056025421363,4022,Brewdog Punk AF 330ml Cans,/71172/450460e8-a35c-42b4-a32a-d79c8d310186.jpg,0,1
1016059,5010153870462,3023,Broadway Boss 330ml Can,/71172/739e9895-cdce-413b-bdcb-f0a9764baf8f.jpg,0,1
1015998,5016325849977,3135,Brooklyn Defender,/71172/16fd3e25-eabf-4070-800a-e850e1009243.jpg,0,1
1015652,5016325849939,3023,Brooklyn Lager Beer 330ml,/71172/e9ae94a0-8988-471d-b6ba-1629af59ecfe.jpg,0,1
1015445,5707643440211,3322,Brooklyn Naranjito 355ml Can,/71172/61b2e836-ba8c-469a-870f-fb7e0136aa17.jpg,0,1
1012922,5060228270130,6823,Camden Hells Lager Can,/71172/cc5b7d12-3197-4fba-b994-ee6ab017fff4.jpg,0,1
1011659,5034743300757,3422,Drygate Crossing the Rubicon IPA,/71172/58e42398-1a95-4178-8f37-d05f4dea50fe.jpg,0,1
1011661,5034743300764,3223,Drygate Disco Forklift Mango Pale Ale,/71172/7bb8d1d4-7283-4965-a455-34344acf06cf.jpg,0,1
1011657,5034743300771,3322,Drygate Orinoco Mocha Milk Stout,/71172/0254cca2-63fd-4966-8a32-d2b16962c7d7.jpg,0,1
1013803,5060393850830,3822,Fourpure Brewing Company Juicebox Citrus IPA 330ml,/71172/ade7e35b-1df9-4613-93e5-4d9ea6bf8199.jpg,0,1
103567,5000213008874,7223,Guinness Draught Stout Beer Surger 520ml Can,/1/f1cddc31-2197-4bb0-bf82-a8819cc74187.jpg,0,1
1016060,5010153870455,3023,Hackney hopster  330ml Can,/71172/86a14fb9-79a1-45fb-a2ab-6f2a18bda865.jpg,0,1
1016635,5060265860110,7423,Magic Rock Cannonball India Pale Ale,/71172/60ec438c-2860-4d22-a0f8-1a2d824e129c.jpg,0,1
1016632,5060265860127,6422,Magic Rock High Wire Grapefruit West Coast PA,/71172/142c0ce9-ba52-4bf1-99dd-e9c7f9ce2218.jpg,0,1
1016634,5060265860134,5623,Magic Rock Salty Kiss Gooseberry Gose,/71172/7049fa19-659a-4d19-ab65-37ffdf69ad61.jpg,0,1
1016636,5060265860776,5623,Magic Rock Saucery Session IPA,/71172/970814ff-777e-4e3f-9135-8ea40e0afc72.jpg,0,1
1008977,8004747006525,3522,Amor D ua  Grappa,/71172/e8ef5949-59cf-4af6-9215-068f4c055f32.jpg,0,2
255718,4016500013187,2999,Asbach Original Aged 3 Years 70cl,/1/c48b3340-fb38-4699-b566-abfe5a902a60.jpg,0,2
1008926,3152900001155,4723,Calvados Boulard Grand Solage Calvados Pays d'Auge 70cl,/71172/791c65e5-fb2f-4323-a756-ac55c603f94a.jpg,0,2
122629,5020379041782,4022,Christian Dupre Napoléon Fine Brandy 1.5L,/1/5f19990b-88e6-42e4-bb78-b5ef144f4a3e.jpg,0,2
66166,5011295105801,1499,Christian Dupre Napoléon Fine Brandy 70cl,/1/ca3bcb7e-4411-453a-a6f5-c2436d819e27.jpg,0,2
702027,3049197110076,2999,Courvoisier VS Cognac Brandy 70cl,/1/a1c1c56c-3afa-4210-859f-5e9e14ab930c.jpg,0,2
529297,8710625505553,1499,De Kuyper Cherry Brandy Liqueur 50cl,/1/1c1a4157-0e64-42d8-99e6-85924d61cc44.jpg,0,2
702043,3245990250203,4199,Hennessy Very Special Cognac 70cl,/1/adf7d744-661a-4d94-a76c-3858bef67515.jpg,0,2
702001,23219820005640,2955,Martell VS Cognac 70cl,/1/7a584abc-7b23-49f5-9902-d9e1dfcd01e6.jpg,0,2
226118,3219820000016,8623,Martell VS Fine Cognac 1.5L,/1/ac06a356-618d-4320-93c3-fca744e0be4e.jpg,0,2
1011018,4009367220805,3622,Metaxa 5 Greek Spirit,/71172/371eaf32-7010-4928-9812-ab8aac36fae2.jpg,0,2
1014546,3024480001781,7023,Rémy Martin 1738 Accord Royal Cognac 70cl,/71172/08558fda-cac7-41f9-97d0-fc82b808ed76.jpg,0,2
129092,3024482270109,4349,Rémy Martin VSOP Cognac Fine Champagne 70cl,/1/116e124a-db01-4535-b4bc-94d7795fe0f0.jpg,0,2
185554,5010327405544,2175,Three Barrels Rare Old French Brandy VSOP 70cl,/1/8957f19c-3af0-4e2d-a616-1d6ba200f56d.jpg,0,2
51669,8000060100247,2849,Vecchia Romagna Etichetta Nera 70cl,/1/8502e768-9dd9-45ee-b2ca-aaa8df6cde42.jpg,0,2
1012868,5060056540368,3243,Balfour 1503 Classic Cuvee,/71172/461a19d6-5a9a-435a-85f7-13a3d30039fb.jpg,0,3
170605,3052853075909,6623,Bollinger Special Cuvee Champagne NV 75cl,/1/950b39c8-f08b-493d-95aa-6cca06361041.jpg,0,3
1008845,8000942087789,1395,Bosco Prosecco Spumante DOC 75cl,/2/f8e27f77-8637-40bb-a95c-ebc1a8ca6a07.jpg,0,3
106436,8005415046447,999,Canti Prosecco Spumante Extra Dry Millesimato 75cl,/1/a8bd03be-8fad-435b-b08b-7c0152d8b2a9.jpg,0,3
382226,8410036009090,1099,Freixenet Cordon Negro Brut 750ml,/1/2ada0e4b-aadf-4053-a3df-16d697f3046c.jpg,0,3
238176,8410036806422,1249,Freixenet Prosecco 75cl,/1/c50cbf20-a1aa-4c7b-8873-6e02013a1d12.jpg,0,3
296434,3029440000286,5283,Lanson Champagne Black Label Brut 750ml,/1/d8094442-7196-43c1-9e2c-a2de0d71b1ab.jpg,0,3
533489,3029440000408,6183,Lanson Rosé Champagne 750ml,/1/c919a969-a06d-4d00-872a-accc38eac1ef.jpg,0,3
191942,3258438000001,8123,Laurent-Perrier Champagne Cuvée Rosé Brut 750ml,/1/f6bc2154-f5ed-4b5c-9129-5873a9b74db0.jpg,0,3
1013601,813497005010,3203,Luc Belaire Luxe 75cl,/71172/c3d833a7-8846-4702-8fe8-64358b02a8eb.jpg,0,3
40683,8000570005056,1049,MARTINI Asti Sparkling Wine 75cl,/1/e3b422fa-86f8-473f-ac98-cb193e19a584.jpg,0,3
316500,5011295181096,828,Marques de la Sardana Cava Brut 75cl,/1/fb176ace-2efe-4425-a45b-88f240711162.jpg,0,3
101839,8000570552505,1099,Martini D.O.C. Prosecco 750ml,/1/30a312a5-fde7-4b9e-99b8-bafc27dd55a2.jpg,0,3
1016459,3185370664841,8163,Moët & Chandon 2012 75cl,/71172/c3fad716-ef35-4c0d-b3f3-57770684e810.jpg,0,3
1011306,3185370457054,7023,Moët & Chandon Ice Impérial Champagne 75cl,/71172/851cd742-06b0-4b45-8912-3e196d2d5d59.jpg,0,3
929140,3185370001233,5723,Moët & Chandon Impérial Brut Champagne 75cl (Gift Boxed),/1/83403295-614a-4be6-808d-e0b62d9682fa.jpg,0,3
1010762,3185370000021,3522,Moët & Chandon Impérial Brut Champagne Half-Bottle 37.5cl,/71172/46c405e2-f8dc-436f-aedb-b16955f4f01b.jpg,0,3
767620,3185370074831,7623,Moët & Chandon Impérial Rosé Champagne 75cl,/1/8323f760-0077-44d0-901d-2e19a2943ddb.jpg,0,3
791384,5011295158463,2575,Paul Langier Brut Champagne 75cl,/1/0b0e1ac2-5f69-4617-89a1-516a1390e3c2.jpg,0,3
190989,5020379135481,2523,Prosecco Vino Spumante 1.5L,/1/c6312984-79a0-4844-8159-eed0796d867a.jpg,0,3
146554,5020379135467,878,Prosecco Vino Spumante 75cl,/1/e6a66b95-ac83-481d-808f-027e01d39484.jpg,0,3
1011307,3185370303405,9023,Ruinart Blanc De Blanc,/71172/375982a9-5242-4c9c-b262-73bd0581c392.jpg,0,3
185393,8002477177553,2123,Sensi 18K Prosecco Brut 750ml,/1/836172ab-b6ac-4bde-9224-fa1bdf57588c.jpg,0,3
1014549,8033622128861,2523,Tenuta Roletto Spumante Brut Charmat 75c,/71172/575d6e4b-4ee0-44de-85c7-d684e35a45ed.jpg,0,3
1011320,3049614003417,7623,Veuve Clicquot Rosé Champagne 75cl,/71172/e0d3c419-9570-4081-8f91-46dd529829a4.jpg,0,3
524397,3049610004104,5823,Veuve Clicquot Yellow Label Brut Champagne 75cl,/1/6a1ef28f-c525-4a1f-81ea-dc13aab51259.jpg,0,3
195232,8000942087826,1523,Vini dei Cardinali Prosecco Superiore 75cl,/1/eccaa69b-8c09-4d64-b2fb-3682123aa71c.jpg,0,3
262459,5020379161299,878,Vino Spumante Prosecco Rosé 75cl,/1/19c8fe7f-7631-4767-aea3-e0614e21b35c.jpg,0,3
262799,7393714366757,1349,Kopparberg Premium Cider Rosé 330ml,/1/e64e75c8-fc14-494f-ab50-7ce9d76132cb.jpg,0,4
163992,7393714367921,1349,Kopparberg Premium Cider with Mixed Fruit 330ml,/1/3aeae52a-beec-4b02-af2c-f23e2002d3c4.jpg,0,4
131914,7393714367938,1349,Kopparberg Premium Cider with Strawberry & Lime 330ml,/1/6110f929-03fa-4079-8242-e084ebb9fac4.jpg,0,4
247226,5391516873833,1499,Magners Original Apple Irish Cider 440ml,/1/8015aaba-4508-42b4-80e7-589e3d1a58e6.jpg,1,4
251931,5035766049081,1100,Strongbow Cloudy Apple Cider 440ml Cans,/1/b607aecb-2fb1-43e2-afc8-a58f931e6a96.jpg,0,4
160021,5035766044086,1499,Strongbow Dark Fruit Cider 440ml Cans,/1/5337c9c7-833e-4bf9-bf80-a699deefa4d9.jpg,0,4
257245,5035766049487,1648,Strongbow Original Cider 440ml Cans,/1/f98306dd-c239-482f-92f8-faf2ce703691.jpg,0,4
260217,5035766049333,1449,Strongbow Rosé Cider 440ml,/1/242d401b-47cd-429e-9df3-f555f4385570.jpg,0,4
1011081,8004400007203,4623,Antica Formula Vermouth,/71172/b05c766d-5630-4d7f-92af-ef1b570f4e73.jpg,0,5
419598,5010867600027,1499,Blandy's Madeira Duke of Clarence 75cl,/1/46248c75-023f-4068-9dea-00b5115e583a.jpg,0,5
24810,8000020000365,899,Cinzano Bianco 75cl,/1/ba187ea7-3bf1-4fb3-925a-71f8edf72332.jpg,0,5
435115,5010867801004,1349,Cockburn's Fine Ruby Port 75cl,/1/65fd1255-d910-4b24-9128-6c9552fcebab.jpg,0,5
447748,5010867801042,1349,Cockburn's Fine Tawny Port 75cl,/1/39948d81-627b-4a89-bc42-bbaee1271b4e.jpg,0,5
447888,5010867801141,1529,Cockburn's Special Reserve Port 75cl,/1/22a7ccfe-a377-46cf-89d8-dc61899469a2.jpg,0,5
517581,8410005421052,1399,Croft Original Sherry 750ml,/1/978dc7e9-2887-412d-bb69-deb4e21f42bf.jpg,0,5
1017400,3163933575001,1523,Dubonnet Aperitif Wine 75cl,/71172/91e0f84e-592b-4e7f-8fd5-a46771427cb8.jpg,0,5
488577,5010277013165,1319,Harveys Solera Sherry Medium Dry 75cl,/1/921904a6-9af5-41f4-977f-b0a04d1567cb.jpg,0,5
488452,5010277010164,1319,Harveys The Bristol Cream Solera Sherry 75cl,/1/bafe9abf-3618-490c-adb6-093419e9862a.jpg,0,5
1012906,3057230000253,2683,Lillet Blanc White Wine-Based Aperitif 75cl,/71172/d2321422-3cac-4066-bda9-e7b016bbc43f.jpg,0,5
1012914,3057230000277,2683,Lillet Rosé Wine-Based Aperitif 75cl,/71172/ea410d30-d088-4435-8865-072a3d928092.jpg,0,5
1012907,3057230000284,2683,Lillet Rouge Red Wine-Based Aperitif 75cl,/71172/1ecfeec5-e80c-4b29-afbe-1a73a948abc4.jpg,0,5
1012703,5010677633550,2283,MARTINI Riserva Speciale Ambrato Vermouth 75cl,/71172/4b9ca470-2144-488b-9779-ac5227b8eef9.jpg,0,5
1012702,5010677633581,2283,MARTINI Riserva Speciale Rubino Vermouth 75cl,/71172/e048f8f4-1894-47cc-869c-29e6112a1300.jpg,0,5
72546,5010319203066,899,MD 20/20 Orange Jubilee 75cl,/1/d5602b6d-b602-45d6-8971-3a526e52ee2b.jpg,0,5
223040,5010677924009,1075,Martini Bianco Vermouth 750ml,/1/078d595c-d5c6-4dc7-8d84-7ced78c6040b.jpg,0,5
439182,7630040402019,1075,Martini Extra Dry Vermouth 750ml,/1/7d988b95-aa7e-4db6-9749-3eafe139c5f7.jpg,0,5
1014538,8000570048022,1823,Martini Fiero Aperitif,/71172/0931186d-54b6-4a58-a0d4-45d48b6ce45f.jpg,0,5
1013004,7630040400343,2983,Martini Riserva Bitter,/71172/6d1ffc49-7b8d-426d-8328-04010a7089ec.jpg,0,5
459545,5010677914000,1075,Martini Rosso Vermouth 750ml,/1/a03037c9-f81d-4572-a4e7-42d3af89a2a4.jpg,0,5
97360,3023010003592,2223,Noilly Prat Original Dry Vermouth 75cl,/1/b0f0f1a2-71aa-42b2-8c62-f1d70b832564.jpg,0,5
693531,5010186012907,629,QC Cream 70cl,/1/4c914e94-dd53-4e08-91df-742a32445e82.jpg,0,5
582965,5011295108277,999,Regimental Fine Ruby Port 75cl,/1/a13b39ca-e364-490c-b06f-b0d1931b2e31.jpg,0,5
559500,5011295150313,1069,Regimental Fine Tawny Port 75cl,/1/7ffe0c86-3804-48de-abe5-aaf8e593373c.jpg,0,5
588806,5010179001406,749,Stone's Original Ginger Wine 700ml,/1/0b3a0c20-be1b-46d5-a345-02027d494c16.jpg,0,5
507541,5013626111277,1589,Taylor's Late Bottled Vintage Port 75cl,/1/e89acff4-e134-4247-a40c-b40a45fb1543.jpg,0,5
1012270,703694887420,4022,3 Pugs Bubblegum Gin,/71172/a4a26efa-5a4b-45a7-bfaa-ccc4dfea826f.jpg,0,6
1012855,5060093990249,5423,6 O'Clock London Dry Gin Damson,/71172/b9b238ac-6640-4ba8-957b-e405f5b33fd7.jpg,0,6
1012856,5060093990515,5423,6 O'clock Gin Strikingly Smooth 70cl,/71172/8058def2-9c52-449b-a156-fb594788af42.jpg,0,6
1011496,5011166056324,3622,Aber Falls Copper Distilled Welsh Dry Gin 70cl,/71172/f8dfe209-4d9a-4921-9eff-3cd092d4aaf7.jpg,0,6
1011497,5011166056034,3622,Aber Falls Welsh Gin Orange Marmalade 70cl,/71172/4b426c8f-7d41-4552-bf3c-2c9d7c18ce53.jpg,0,6
1011498,5011166056058,3622,Aber Falls Welsh Gin Rhubarb & Ginger 70cl,/71172/4f34e026-acb8-41a5-85d9-29c439420041.jpg,0,6
1011348,5052598009168,4022,Ableforth's Bathtub Gin Old Tom 50cl,/71172/02ab7b6c-dd95-466f-8db1-390810634235.jpg,0,6
1013171,5031992001411,4623,Agnes Arber Gin,/71172/82764ffc-0cde-469b-a75f-37677f04ae7b.jpg,0,6
245427,5020379146647,1499,Alfred Button & Sons Gin Liqueur Lovely Lemon Sherbet 50cl,/1/12f0a36a-444f-4ac6-bc81-c502b166912e.jpg,0,6
1014299,5020379146661,2023,Alfred Button & Sons Gin Liqueur Perfectly Parma Violet 50cl,/1/e85d0602-94a8-41f9-9746-b4855b275b4f.jpg,0,6
1014300,5020379146623,2023,Alfred Button & Sons Gin Liqueur Really Rhubarb & Rosehip 50cl,/71172/c3a0ef46-0c5c-441e-8d15-4690fcf6faec.jpg,0,6
261606,5020379161374,1499,Alfred Button & Sons Mystical Shimmer Brilliantly Bramble Gin Liqueur 50cl,/1/cf5c8e19-a072-4633-8500-98eb23d0d15a.jpg,0,6
1008853,5060347860007,4963,Anno Kent Dry Gin,/1/5dd992ec-2961-4229-8ec0-a060ce257e8e.jpg,0,6
1011319,853507000123,5123,Avation Gin  70cl,/71172/267f6726-a37c-480c-a344-5946d87bb7b5.jpg,0,6
1012902,5010296004595,4143,BLOOM Jasmine & Rose Pink Gin 70cl,/71172/3ecb7b9c-53d5-4a94-a0d2-2623314cd7e8.jpg,0,6
1012903,5010296005691,2823,BLOOM Lemon & Elderflower Gin Liqueur 70cl,/71172/31cf04df-3d0b-49ec-a796-f0099cefc0bb.jpg,0,6
1010610,5010296169249,4223,BLOOM London Dry Gin 70cl,/71172/b7c83e95-4d1f-44cf-ab07-fc08eed76666.jpg,0,6
1012291,5010296002942,2823,BLOOM Strawberry Gin Liqueur 70cl,/71172/c0d8e6d8-729e-46eb-97cd-5ae87de88dd6.jpg,0,6
1011833,611864932620,5423,Bakewell Cherry and Almond Gin,/71172/89c7c8b8-3e75-49b2-aafe-34d50baa079a.jpg,0,6
1017488,5052598008628,4683,Bathtub Gin 70cl,/71172/7f3558c2-98d6-417c-a498-dba02b89707a.jpg,0,6
1008859,5000299605004,4022,Beefeater 24 London Dry Gin 70cl,/71172/9b70b552-c737-48c5-96d0-489880150c10.jpg,0,6
251809,5000299618394,2025,Beefeater Blackberry Flavoured Gin 70cl,/1/2ad793ce-2917-4c4d-a9d4-dc44aa5c919f.jpg,0,6
244726,5000299618240,2025,Beefeater Blood Orange Flavoured Gin 70cl,/1/c6a5bfc5-6006-4dcc-ad02-6f1500a5b310.jpg,0,6
289769,5000329002193,2145,Beefeater London Dry Gin 70cl,/1/21b861de-b049-4019-8963-c792c6eca324.jpg,0,6
237607,5000299605950,2025,Beefeater Pink Strawberry Flavoured Gin 70cl,/1/b7eeaaf7-a54a-46bf-8a11-b1fa1f71fc72.jpg,0,6
1012091,5391527960003,6023,Berthas Revenge  Irish Milk,/71172/7ae6913d-1986-4eac-b78d-bd17f4f3331d.jpg,0,6
1011057,5060069050014,3322,Blackwoods Vintage Dry Gin 40% 70cl,/71172/953bb259-f452-42b1-ab54-79577d4ff3cf.jpg,0,6
1011072,8710631119034,5823,Bobbys Gin,/71172/de4a063a-adb0-432f-9302-a1484ac19a51.jpg,0,6
1011104,5060075960833,2823,Boe Scottish Bramble Gin Liqueur 50cl,/71172/b266524a-0434-49db-aaa4-57b418543bbd.jpg,0,6
255654,7640175742522,2699,Bombay Bramble Distilled Gin 70cl,/1/adae616b-bf6a-4063-92ff-1d2876cba01d.jpg,0,6
1013003,5010677704120,2823,Bombay Dry Gin 70cl,/71172/81805a5d-0b55-45c6-96b0-f6f73b202173.jpg,0,6
38276,5010677717007,7223,Bombay Sapphire Gin 1.5ltr,/1/98d22aee-6398-4e9b-8aea-ccc7cd9b61ba.jpg,0,6
73930,5010677714006,2549,Bombay Sapphire Gin 70cl,/1/1c70384f-ef2f-43a0-9352-75967c8a3f61.jpg,0,6
1014537,7640175741631,3622,Bombay Sapphire Limited Edition English Estate London Dry Gin 700ml,/71172/4187d575-fc63-46e9-a389-f8ed4c8f8744.jpg,0,6
1008867,811538010665,4483,Boodles British London Dry Gin,/1/8c3df503-0936-4c95-aa8c-2f08ae767342.jpg,0,6
1008963,811538014168,4022,Boodles Mulberry Gin,/71172/0ba0a02f-d725-4895-a738-02be0e0c7156.jpg,0,6
1016172,818844020265,4022,Boodles Rhubarb &  Strawberry Gin 70cl,/71172/1e8b2ecf-39d1-482c-9abd-977c744d5442.jpg,0,6
1012704,7630040400695,2923,Bosford Rosé Premium Gin 700ml,/71172/b60c12fe-d7f5-4675-b327-414459aba1f2.jpg,0,6
1014536,5060075961113,4523,Boë Passion Gin 70cl,/71172/b04b78d4-0977-49c3-a05e-eda10e31f508.jpg,0,6
1011102,5060075960857,2823,Boë Peach & Hibiscus Gin Liqueur 50cl,/71172/37fa67ae-5e66-42a6-a65d-df278c6ee808.jpg,0,6
1008865,5060075960192,4203,Boë Scottish Gin 70cl,/71172/4df01e83-e487-4c1e-9d9c-c5b8eda4d311.jpg,0,6
1013162,5060075961021,2823,Boë Spiced Orange Gin Liqueur 50cl,/71172/300a0928-1b07-4117-a7ef-14b41ebf5acd.jpg,0,6
225852,5060075960819,3379,Boë Violet Gin 70cl,/1/692dfc4e-edc9-4fe5-87ba-6ddcc9abfc6e.jpg,0,6
131477,5010296169164,3975,Brockmans Premium Gin 70cl,/1/282f71cb-7673-43c3-acb6-2f6dc627c88d.jpg,0,6
1010622,5060017740011,3183,Broker's Gin Premium London Dry Gin 70cl,/2/ed166770-59ad-4f9f-b86b-e4a23bce8306.jpg,0,6
1012436,5060017740158,3422,Broker's Original Premium Pink Gin 70cl,/71172/7198209b-cfa4-43e0-8b8b-fa8e672f86a8.jpg,0,6
1010639,852176003343,5823,Brooklyn Gin,/1/dfdb723f-c225-41e6-b3c3-391466679e84.jpg,0,6
1013166,634158580208,5623,Bullards Norwich Dry Gin,/71172/cb5820ab-179f-4654-ade5-83d142000210.jpg,0,6
1010616,5010509800068,4523,Caorunn Small Batch Scottish Gin 70cl,/71172/4b8e51b5-6ec6-418a-b27b-33563bb5d66f.jpg,0,6
1016584,5026608000308,6203,Chapel Down Bacchus Gin 70cl,/71172/4231e6cc-45eb-4b9c-9588-8a03992cb705.jpg,0,6
1012619,5060183132115,6023,Chase Pink Grapefruit & Pomelo Gin 70cl,/71172/17f80bc9-bb3b-497d-a96e-8f91fb548a6c.jpg,0,6
1012620,5060183134522,6023,Chase Rhubarb & Bramley Apple Gin 70cl,/71172/4e70c5c3-a49c-4a9e-8736-97d45e60d420.jpg,0,6
1012621,5060183134195,4823,Chase Sloe Gin 50cl,/71172/8c0d1c92-eb4a-4e98-9ca8-d768154dc2c3.jpg,0,6
1011130,5060355150008,4223,City of London Authentic London Dry Gin 70cl,/71172/dfb415b8-b224-4c00-b575-faa7bb959e3f.jpg,0,6
1011131,5060355150060,4823,City of London Christopher Wren Gin 70cl,/71172/d57b8bab-2090-4f98-8c1d-bcfd95763c66.jpg,0,6
1013580,5010375000135,4223,City of London Distillery Murcian Orange Gin 70cl,/71172/20ec7175-05a5-42fb-84b9-aaefbecb3033.jpg,0,6
1013593,5010375000159,4223,City of London Six Bells Lemon Gin 70cl,/71172/33d970ec-b7db-4c09-8bed-1eef451c2d36.jpg,0,6
1016008,5033931603564,5823,Collagin Gin 50cl,/71172/544ff463-4ac9-4942-8068-eec08f2a25f1.jpg,0,6
1012068,5060404510036,5343,Cotswolds Distillery Dry Gin 700ml,/71172/f0e6b5d8-35e0-472b-84ce-4277e4813563.jpg,0,6
1017366,5011166059073,3622,Crabbie's Gin 70cl,/71172/a55f55ad-e134-4f2a-830b-9ae5d5753374.jpg,0,6
1011318,859266003009,6422,Deaths Door Gin 70cl,/1/31682cf6-e285-4497-88fd-aaa3ebf356f4.jpg,0,6
1015025,5391518565002,5623,Dingle Original Pot Still Gin 700ml,/71172/896bdb7f-e075-4fe6-81e4-dd594427eb25.jpg,0,6
1015019,710535265101,3622,Dr Eamers Raspberry & Pineapple Gin,/71172/6f793e35-97e6-48d6-be2b-ec2e05e5c131.jpg,0,6
1011373,5060434130242,5023,Drumshanbo Gunpowder Irish Gin 50cl,/71172/28fca16d-a815-4b48-b323-8df8a3d002a2.jpg,0,6
1011054,5060334030451,4383,Eden Mill Love Gin,/71172/36693957-ae0a-436f-bb9a-f0937a9a79f5.jpg,0,6
1012623,5060232070979,4823,Edinburgh Christmas Gin,/71172/238c94e1-9053-4a45-bf50-8561cdf45b27.jpg,0,6
1008856,5060232070009,4223,Edinburgh Gin 70cl,/71172/fad395a4-6667-42af-9181-4c55ac5893b6.jpg,0,6
1014611,5010852040982,2223,Edinburgh Gin Distillery Apple & Spice Gin Liqueur 50cl,/71172/64b5b0fa-cc30-4d06-bcf6-42ac44c0c67b.jpg,0,6
1008862,5060232070245,2223,Edinburgh Gin Distillery Elderflower Liqueur 50cl,/71172/ce302fe1-5b93-403b-bafa-5b81793ead8f.jpg,0,6
1012617,5010852036145,2223,Edinburgh Gin Distillery Plum & Vanilla Liqueur 50cl,/71172/6030ca7d-6d1f-4c62-9804-123cc1a4a0ae.jpg,0,6
1011834,5010852038095,2223,Edinburgh Gin Distillery Pomegranate & Rose Liqueur 50cl,/71172/2eb49251-bf92-4bf4-be2e-0047895b75fb.jpg,0,6
1011870,5060232070108,2223,Edinburgh Gin Distillery Raspberry Liqueur 50cl,/71172/13fe381c-26b8-4a9a-9516-98ce7f865034.jpg,0,6
201036,5060232070634,1648,Edinburgh Gin Distillery Rhubarb & Ginger Liqueur 50cl,/1/643535a5-4b3e-41e5-9bf0-c017c4b89063.jpg,0,6
1013061,5010852039160,5423,Edinburgh Gin Limited Edition Gin Royal Botanic Gardens Edinburgh 70cl,/71172/4ea0d125-decf-4441-90c3-154359ec933b.jpg,0,6
1013063,5060232070948,5423,Edinburgh Gin Navy Strength Cannonball 70cl,/71172/7aa18d2c-63be-47d5-ad3d-0caf95fe061a.jpg,0,6
1014612,5010852041651,3822,Edinburgh Gin Rhubarb & Ginger Gin 70cl,/71172/6d305ac9-437b-4752-9b24-40e70b10bf3c.jpg,0,6
1014518,5060232071037,4823,Edinburgh Gin Seaside 70cl,/71172/b437aa29-deeb-4628-a027-466c4b082369.jpg,0,6
1013522,5060232071112,4823,Edinburgh Gin Valentines 70cl,/71172/0adbac0c-0ace-4ed1-95fc-57043bd3e7cf.jpg,0,6
1012086,5060351330107,4623,Elephant London Dry GIN,/71172/3da10958-d0f5-43b1-94a6-5e614356a9f7.jpg,0,6
1013167,628451773160,6023,Empress 1908 Indigo Gin,/71172/d8e33c71-78f5-46f6-bd2e-b7914680ff01.jpg,0,6
1011715,4971980260776,6223,Etsu Japanese Gin,/71172/f63c42d9-cfce-4041-94af-9840fec82982.jpg,0,6
1014540,5060551680132,7023,Fallen Angel Blood Orange Gin 70cl,/71172/326dddfe-418d-498a-8974-498c0127c942.jpg,0,6
1014310,5060434130358,3822,The Braemble Gin Liqueur Classic Blackberry 700ml,/71172/d91e1afa-5714-4db6-8f9f-2ad254b45b21.jpg,0,6
1017468,8004747010003,4823,Antica Classic Sambuca 5cl,/71172/c6d888ca-b721-4de6-ba51-6e79e214b257.jpg,0,7
230422,7610113001042,949,Bacardi Carta Blanca Rum 350ml,/1/85aeaa0e-8f04-4e15-80ed-3a1beef2aafc.jpg,0,7
1017481,5011013507979,4623,Baileys Coffee 5cl,/71172/3cac93fd-9335-412e-952e-92e13664685d.jpg,0,7
1017480,5011013999774,4815,Baileys Orange 5cl,/71172/6b780963-dbeb-4515-be8e-41ac4a727531.jpg,0,7
240825,7640175740771,1798,Bombay Sapphire Distilled London Dry Gin 350ml,/1/9b613aef-a279-4f4a-b562-1b2ab5371a24.jpg,0,7
1017770,8004027600078,4423,Chambord 5cl,/71172/425f511f-6e7d-4ca4-b794-d93027f9ea59.jpg,0,7
1017473,5010103938419,5423,Ciroc Blue Dot 5cl,/71172/275ab6b5-eb1a-468c-9760-8e49bc7d362c.jpg,0,7
1017472,5010103938433,6323,Ciroc Pineapple 5cl,/71172/6fe7cfdc-74b0-41f9-83a5-c84cc493973e.jpg,0,7
1017471,5010103938426,6323,Ciroc Red Berry 5cl,/71172/2876fe2b-19d4-4405-b5e6-98322e369add.jpg,0,7
252773,5016840601012,1254,Glen's Vodka 5cl,/1/11bd2309-e8c0-4606-bca5-2523a4816cb8.jpg,0,7
1017464,5010677850452,5423,Grey Goose 5cl,/71172/9993610d-2936-450d-88e5-7dff34fcf016.jpg,0,7
147224,5010677850711,2699,Grey Goose Premium Vodka 35cl,/1/2a29f72a-868e-4c3a-a986-560d48774e06.jpg,0,7
189615,5099873089712,1299,Jack Daniel's Tennessee Whiskey 35cl,/1/968f483d-9fd8-4c1e-bec0-cec8b586bcff.jpg,0,7
398040,5099873089712,1579,Jack Daniel's Tennessee Whiskey 35cl,/1/968f483d-9fd8-4c1e-bec0-cec8b586bcff.jpg,0,7
1016152,5060065301790,3223,Funkin Espresso Martini Nitro Cocktail 200ml,/71172/05e6f295-fd00-4edb-b85b-752f262cfe69.jpg,0,8
1016150,5060065301806,3223,Funkin Passion Fruit Martini Nitro Cocktail 200ml,/71172/e3314d98-e431-4ff2-8dcf-dafff75e13f6.jpg,0,8
242127,5000289930437,1599,Gordon's Premium Pink Gin & Tonic 250ml Ready to Drink Premix Can,/1/bfe1ed67-99c1-4019-99bb-2ed245767055.jpg,0,8
1016697,5000289927413,2723,Gordons & Schweppes Tonic 250ml,/71172/455fb2fc-8a8d-4839-99ee-2191fd59cfb2.jpg,0,8
1016701,5000289927444,2723,Gordons Gin & Slimline Tonic 250ml,/71172/854f3dc4-58df-4e25-a7b9-6b067bfab303.jpg,0,8
1016695,5000289929905,2623,Gordons Pink & Schweppes Tonic 250ml,/71172/03fea0ea-d708-465e-8151-82507cf28801.jpg,0,8
1016698,5000281038469,2623,Morgans Spiced & Cola 250ml,/71172/86a4d171-660b-4518-a07a-6ba5d9dd670b.jpg,0,8
1016702,5010262700315,2623,Pimms & Lemonade 250ml,/71172/b48b89d9-d09e-44af-9cd6-210312d59bdf.jpg,0,8
1016700,5410316945387,2623,Smirnoff & Cola 250ml 5%,/71172/a0c352d2-edb7-493b-8ecd-86dfe19b26ee.jpg,0,8
1016699,5410316945356,2723,Smirnoff & Ocean Spray Cranberry 250ml,/71172/62413c52-c1a9-45a2-b5d1-617496b066fa.jpg,0,8
165658,5024993859822,1299,WKD Mixed Pack 275ml,/1/51653455-7c77-436d-adac-c8a59ef5d66a.jpg,0,8
1015207,3500610083198,1643,Bordeaux Raymond Huet by M.Rolland,/71172/b2ba416b-d791-4f26-8349-b4f5f93d0818.jpg,0,9
205212,3159560700107,3023,Calvet Chateauneuf-du-Pape 75cl,/1/3f3f8ae6-9c54-42ed-b73f-df0ca9fab1ad.jpg,0,9
1015208,8009620831386,1763,Cantine Di Ora Valpolicella Ripasso 75cl,/71172/d7c409ba-a228-4212-95dd-5cac6a9d7529.jpg,0,9
1008815,8412366000266,1283,Carlos Serres Old Vines Tempranillo Rioja,/71172/4b17f4c3-1d12-4a9e-8745-eb9261adb281.jpg,0,9
244179,8005415000555,2375,Casa Sant' Orsola Barolo 75cl,/1/fcf95b2a-8c15-4fce-9ef0-5cbbc4e4bcd0.jpg,0,9
1010770,3700961400228,3522,Chateau Darsac Margaux,/71172/331fe153-16b4-41f0-9c01-579f385d84dd.jpg,0,9
1008947,3500610082870,1643,Chateau La Hourcade Medoc,/71172/2a6d2d83-c72e-4164-8663-87709356599f.jpg,0,9
1008817,7790975003931,2125,Terrazas de los Andes Malbec 750ml,/71172/0fb4170c-15ed-4c18-a68b-e4de1d843f5f.jpg,0,9
1008962,9421901182137,2355,The King's Wrath Pinot Noir 750ml,/71172/58cff1ee-5810-42cf-bccf-3bdeb4e30b27.jpg,0,9
1008946,3500610117992,1243,Undivided Pinot Noir 75cl,/71172/847bebe0-f0fc-467f-a588-85f0ed2f1974.jpg,0,9
1008824,7808725401606,1335,Ventisquero Reserva Pinot Noir 75cl,/71172/fc8b7bdc-8d06-446c-90f2-027f18aaec79.jpg,0,9
239635,8000942087314,2835,Vini dei Cardinali Amarone della Valpolicella 75cl,/1/cd935cb7-ac1a-4ce0-9250-4b7a9c94a644.jpg,0,9
1013174,5060233460007,4022,Abelha Organic Cachaça 70cl,/71172/f441f920-2f2a-4866-831a-949f0e67816d.jpg,0,10
239535,5052598008666,3759,Ableforth's Rumbullion! 70cl,/1/eebba6b9-c656-4bdc-94d8-d60ba02d7946.jpg,0,10
1013170,5033931602130,3422,Admiral's Old J Cherry Spiced 70cl,/71172/154e5406-9b6f-466b-90c8-315be6eb26a9.jpg,0,10
1008971,5031992900011,3123,Admiral's Old J Spiced 70cl,/71172/5991bb5a-874c-492c-bf8e-5d0bd60fcb5b.jpg,0,10
260526,5024576000108,2249,Appleton Special Jamaica Rum 70cl,/1/e96a26d6-9bcc-4a55-8e09-c2dea0a3e30b.jpg,0,10
1016149,5060577610090,3422,Arumdu Butte Salted popcorn Rum Liq 50cl,/71172/7c3e4089-78a2-4318-a533-d71e44aefdf5.jpg,0,10
1016156,5060577610120,3422,Arumdu Caramelised Banana Carib Rum 50cl,/71172/deff0987-f6a9-4ad9-810f-5b080ccc7e1e.jpg,0,10
1016147,5060577610106,3422,Arumdu Rum Bongo Punch Carib Liq 50cl,/71172/42823c3c-6ec7-4f78-8ca3-a3e31231bf19.jpg,0,10
1016148,5060577610113,3422,Arumdu Spit Roasted Pineapple Rum 50cl,/71172/41f57385-275f-4001-8cbf-2eba083ade3e.jpg,0,10
1014682,851682005087,3822,Atlantico Platino Rum 70cl,/71172/3f40f709-b263-438e-afd5-4b079595f0d6.jpg,0,10
190617,5010677012270,3099,Bacardi Carta Blanca Rum 1L,/1/654d2f90-e11e-4d27-8905-b12ffb51a817.jpg,0,10
190608,5010677012324,2199,Bacardi Carta Blanca Rum 700ml,/1/950d5646-b240-469c-9e38-af3e7f4685ba.jpg,0,10
1015093,5010677012478,3123,Bacardi Carta Oro Gold Rum 70cl,/71172/6a8785f5-96f4-428b-8fd1-d92bbde5ceb9.jpg,0,10
191244,5010677012171,6183,Bacardí Carta Blanca Superior White Rum 1.5L,/1/29cfa3ba-d3a5-4366-b6ca-b51b2f29e00a.jpg,0,10
229329,7610113001073,1599,Bacardí Carta Blanca White Rum 70cl,/1/aba8d17c-a18f-4190-9f86-34f95679ebbb.jpg,0,10
1012904,7610113005934,2623,Bacardí Ginger Rum Spirit Drink 700ml,/71172/838b963b-819d-461f-91f8-edc21e125150.jpg,0,10
1013021,5010677055154,2623,Bacardí Raspberry Rum Spirit Drink 70cl,/71172/deea8759-0db3-4785-bafd-cc7bba6e9bfd.jpg,0,10
1013486,5010677105651,4823,Bacardí Reserva Ocho Rare Gold Rum 700ml,/71172/f4f7f5d9-0391-41d6-94cc-992077e0ea4d.jpg,0,10
1016146,7460855209141,6023,Brugal 1888 Rum 70cl,/71172/920a7cdf-527f-4cb1-b412-1a9a33f75f40.jpg,0,10
1010780,7460855202104,3223,Brugal Añejo Superior Rum 70cl,/1/6e1ee67d-f6fe-42fd-bb62-93d76b546576.jpg,0,10
1017796,813497006215,5023,Bumbu Spiced Rum 70cl,/71172/4d5762b1-5735-41f3-9efc-078f9599c8fa.jpg,0,10
1017798,700461927433,4022,Burning Barn Honey & Rum Liq 70cl,/71172/2efab8e7-ff33-4fab-a42a-858b98cf97a7.jpg,0,10
122769,5020379041928,3621,Cane Trader Dark Rum 1.5L,/1/202f46ec-b314-44da-bb0a-b99f5867ac8a.jpg,0,10
63558,5011295100660,1349,Cane Trader Dark Rum 70cl,/1/85f4bec7-02ab-433a-8356-00e6f81d26e2.jpg,0,10
177277,5020379160681,1349,Cane Trader Spiced Rum 70cl,/1/5fbaa601-4549-4d27-8c4d-5feaa24d4562.jpg,0,10
185288,5020379079440,3321,Cane Trader White Rum 1.5L,/1/dbf60539-c8ba-4888-9060-fc3f7f50118d.jpg,0,10
185296,5020379079426,1349,Cane Trader White Rum 70cl,/1/31862b64-6dc7-44a0-a40b-07a19f464e75.jpg,0,10
249965,5000281050119,1579,Captain Morgan Dark Rum 70cl,/1/d29b3144-866e-42b2-90d0-2a8d4c161a4a.jpg,0,10
975813,5000299223017,1798,Captain Morgan Original Spiced Gold 70cl,/1/1d03f29b-de37-4fde-af31-915b53b40add.jpg,0,10
249889,5000299223017,1479,Captain Morgan Original Spiced Gold 70cl,/1/1d03f29b-de37-4fde-af31-915b53b40add.jpg,0,10
984161,5000281035215,5823,Captain Morgan Original Spiced Gold Rum Based Spirit Drink 1.5L,/1/465aa998-d190-42e4-aca4-51ee4b3d2ed0.jpg,0,10
259845,5000281060941,1798,Captain Morgan Tiki Pineapple and Mango 70cl,/1/3f48acae-f453-42e7-ac4a-07c588398671.jpg,0,10
1014519,3107460005839,3223,Clement Mahina Coco Rum 70cl,/71172/22952bc0-cd71-49d7-bd14-af17cd48c16e.jpg,0,10
1012899,5060361960219,6023,Cut Rum Overproof Spiced Rum 700ml,/71172/03080ead-9163-4193-9d87-4ff318875d94.jpg,0,10
1012901,5060361960202,3822,Cut Rum Smoked Real Rum 700ml,/71172/57fa1d1d-94e6-4d64-84f0-6812add26eab.jpg,0,10
1012900,5060361960196,3622,Cut Rum Spiced Real Rum 700ml,/71172/a050fcaa-006a-43ca-9feb-51515410c194.jpg,0,10
1011501,5011166056591,2923,Dead Man's Fingers Coconut Rum 70cl,/71172/4f1b9266-e48e-4c14-8c9d-fe7d99a78592.jpg,0,10
1011499,5011166056607,2923,Dead Man's Fingers Coffee Rum 70cl,/71172/a37a646a-021f-4fdf-abfc-2997f5c56f11.jpg,0,10
261325,5011166062967,2249,Dead Man's Fingers Mango Rum 70cl,/1/9c522353-27c2-44b6-b9eb-2e4438199ad8.jpg,0,10
1016769,5011166059615,3023,Dead Man's Fingers Pineapple Rum 70cl,/71172/be6cb0e3-53c7-4051-af49-6327b68b975b.jpg,0,10
238286,5011166056584,2199,Dead Man's Fingers Spiced Rum 70cl,/1/50c21572-1e4e-40d2-b0f5-4fc106425f4a.jpg,0,10
1016166,5060645370017,5023,Diablesse Clementine Spiced Rum 70cl,/71172/d3909b4e-5376-4c71-b6ab-7f805f41fa64.jpg,0,10
1016165,5060645370000,5423,Diablesse Golden Caribbean Rum 70cl,/71172/9b399cc9-a0da-4bac-a346-8f0f20707e6c.jpg,0,10
1012079,7594003626624,5223,Diplomático Mantuano Rum 70cl,/71172/aa13c3c7-4857-4e2b-9cc2-79a669150436.jpg,0,10
1012095,4809015157015,4423,Don Papa Aged in Oak 70cl,/71172/bab52919-1180-46ec-9b09-7a74ff7d2ab0.jpg,0,10
1013172,8715151120799,6023,El Dorado 12 Year Old Finest Demerara Rum 70cl,/71172/13f42214-d200-4fdd-bf41-4a70c0d71293.jpg,0,10
1013568,8715151090788,3422,El Dorado Charcoal Filtered Demerara Rum 70cl,/71172/88778c84-bad0-4f2f-ba60-c64cd5a1eac0.jpg,0,10
1013567,8715151050782,3822,El Dorado Demerara Rum 70cl,/71172/5cd266b9-e30b-4353-b717-c1d7b5502988.jpg,0,10
1013560,8715151150734,8023,El Dorado Special Reserve Rum 70cl,/71172/94012e27-8d5e-458c-9560-62a392f965fe.jpg,0,10
1014539,5060551680125,7023,Fallen Angel Spiced Rum 70cl,/71172/7d7cc34b-6d7f-423b-af1b-d76c8fe50403.jpg,0,10
1011043,5391338002060,3822,Goslings Black Seal Bermuda Rum 700ml,/1/2bde62b9-147d-4f89-b6c1-c5eff2da1134.jpg,0,10
108686,8501110080231,2625,Havana Club 3 Year Old White Rum 70cl,/1/de1286d3-d2ba-4c52-8310-b89fc7a72833.jpg,0,10
1008905,8501110080439,4223,Havana Club 7 Year Old Dark Rum 70cl,/71172/9c4c3f01-4ac0-4182-939e-e64d72ec6d7c.jpg,0,10
256811,8501110080927,2625,Havana Club Especial Golden Rum 70cl,/1/f60ed46a-f32e-4beb-9f38-303683ecf6cc.jpg,0,10
1008899,5024576600100,3023,Koko Kanu Original Jamaica Rum with Coconut Flavour 70cl,/71172/9546a0bc-f9a1-4a88-902f-de883500ba69.jpg,0,10
261312,7393714008909,2399,Kopparberg Dark Fruit Rum 70cl,/1/7219f3ec-248b-4e64-9425-740393090bf3.jpg,0,10
1012292,7707180703013,5423,La Hechicera Rum,/71172/3b115f37-90a2-4053-bad5-ef76f666ff2d.jpg,0,10
292458,5010284017217,2295,Lamb's Dark Navy Rum 70cl,/1/8c3db210-e2b9-4ea7-9d6b-b2070b6b691c.jpg,0,10
1017802,5010852044744,3422,Langs Banana Jamaican Rum 70cl,/71172/5ba72006-2ef1-45af-9940-e54f31042672.jpg,0,10
687980,9501007100508,2549,Mount Gay Eclipse Rum 700ml,/1/9e41f0a6-7378-4095-b6e8-b2f97c9299c7.jpg,0,10
1013169,5031992001756,3822,Old J Dark Spiced Rum,/71172/6b8f0d9e-e712-448d-9734-3c5cc102b769.jpg,0,10
1013168,5031992004283,3223,Old J Silver Spiced Rum,/71172/d1f14feb-e7ec-4481-97a3-8fd997f24da5.jpg,0,10
1008972,5031992080003,5683,Old J Tiki Fire Spiced Rum,/71172/06bf2be9-9dbb-4340-a800-a098719ab76e.jpg,0,10
1014320,8501110086042,4423,Pacto Navio Cuban Rum 70cl,/71172/1eb50df5-3e3e-41a9-80ac-636d9d776291.jpg,0,10
1015535,5060630900021,5223,Rockstar Spirits Grapefruit Grenade Spiced with Flavours of Grapefruit and Honey Comb 50cl,/71172/1cdb7d86-18a2-46db-bfca-444a1d1f28b9.jpg,0,10
1014191,5060630900007,5223,Rockstar Spirits Pineapple Grenade Spiced with Flavours of Pineapple and Salted Caramel 50cl,/71172/734debf4-efcb-45a7-a9e6-e578133bb6e5.jpg,0,10
1011134,5011166055969,3422,Sadler's Peaky Blinder Black Spiced Rum 70cl,/71172/fd94c79e-f856-4fb6-9555-da4c7e1a6033.jpg,0,10
1011080,5060397380005,4022,The Duppy Share Aged Caribbean Rum 700ml,/71172/61c88b69-3ccb-49cc-b430-763733f35565.jpg,0,10
1011493,5011166056010,2623,Aber Falls Salted Toffee Liqueur 70cl,/71172/98251d7c-46d2-4905-835e-f5b6acdd4628.jpg,0,11
1011494,5011166055990,2623,Aber Falls Violet Liqueur 70cl,/71172/d0cf01d2-6910-4902-9026-1af9284838f1.jpg,0,11
1011859,5060045581570,3922,After Shock Cool Citrus Liqueur 70cl,/71172/35331adc-167f-40cc-8179-6d58c24c8f1c.jpg,0,11
1011863,5060045581594,3922,After Shock Hot & Cool Cinnamon Liqueur 70cl,/71172/bcef3cfd-e7fe-49fb-ab6a-403eb0eaf8ae.jpg,0,11
1008875,5391397100141,3422,Agwa De Bolivia Coca Leaf Liqueur 70cl,/71172/b03a4425-fb21-4170-aded-9bf1a26fb914.jpg,0,11
1011832,4970860798101,3123,Akshi Tai  Umeshi Plum Sake,/71172/a59280aa-a3af-4758-94f0-e1199f29e06a.jpg,0,11
163450,8007253902466,1049,Amaretto Sinfonia 70cl,/1/ec89e4ec-17df-4224-a1dc-0e8d1856201d.jpg,0,11
205697,5021932011020,599,Angels Peach Schnapps 70cl,/1/4f514129-3156-41c5-936c-31662434610d.jpg,0,11
1013018,75496331075,2023,Angostura Orange  Bitter,/71172/203d6968-257f-443b-9acf-538051bf8bc9.jpg,0,11
89117,8004747005535,1769,Antica Sambuca Classic 70cl,/1/506a0aec-f3df-4d74-819b-916c56a2b47a.jpg,0,11
91305,8004747007508,2249,Antica Sambuca with Banana Flavour Liqueur 70cl,/1/5c9de9ca-150f-419c-81bc-eb4c95d0f863.jpg,0,11
99635,8004747008611,2249,Antica Sambuca with Cherry Flavour Liqueur 70cl,/1/da46b309-fdb6-4b3f-8e11-22163f3fa149.jpg,0,11
89115,8004747007461,2249,Antica Sambuca with Liquorice Flavour Liqueur 70cl,/1/694d2966-3ae4-4f29-b97a-a0990b090b22.jpg,0,11
89105,8004747006754,2249,Antica Sambuca with Raspberry Flavour Liqueur 70cl,/1/e1c4e247-5ba8-4fa7-bee8-02228bb2311a.jpg,0,11
118658,8002230000302,1729,Aperol Aperitivo 70cl,/1/e4127bb0-e081-454a-81e4-0b8859787757.jpg,0,11
1008965,5907522604639,2923,Apsinthion Black Absinthe 500ml,/71172/19906d30-7ad6-4ea3-bd8e-e3c73a844279.jpg,0,11
1011492,5907522601218,2923,Apsinthion De Luxe Absinthe 500ml,/71172/62698db4-129f-4e6c-8a59-24a92f81530e.jpg,0,11
103571,5010103926393,4423,Archers Peach Schnapps 1.5L,/1/3dbc0946-35ce-46b0-8293-4db9e3612699.jpg,0,11
103558,5010103926379,1499,Archers Peach Schnapps 70cl,/1/5904fcab-9daf-4ec1-9e93-43d1d650e8c6.jpg,0,11
1012087,5011013999064,2863,Baileys Chocolat Luxe Liqueur 50cl,/71172/4b13a785-a17a-4de6-9934-2f043b196cab.jpg,0,11
126227,5011013100118,2849,Baileys Original Irish Cream Liqueur 1L,/1/9c4b8a43-2c1f-4e72-8ca8-832fa0ad7ba2.jpg,0,11
772426,5011013100156,1575,Baileys Original Irish Cream Liqueur 70cl,/1/26ae745c-eb5d-4417-8a3a-458533b3e906.jpg,0,11
142984,5011013100040,5823,Baileys The Original Irish Cream Liqueur 1.5L,/1/64960803-bb23-4cfc-a9f5-dfc29dc83f85.jpg,0,11
1010629,3153330202013,3023,Briottet Crème de Cassis de Dijon Liqueur 700ml,/71172/35dc9988-3763-4dbd-addc-b919112b1d41.jpg,0,11
703660,3035551511009,3449,Bénédictine D.O.M Liqueur 700ml,/1/5ce69dbc-9f72-437f-a443-b9ea1cd48051.jpg,0,11
260773,5021932022361,549,Cactus Jack's Schnapps Apple 50cl,/1/d54dd4e0-3577-4ced-8adf-336bc8ddedd6.jpg,0,11
260759,5021932022385,549,Cactus Jack's Schnapps Dark Fruits 50cl,/1/715d3670-fafd-4fad-957f-ddc141c1679b.jpg,0,11
261786,5021932022408,549,Cactus Jack's Schnapps Passion Fruit 50cl,/1/c8c7438b-4922-4948-b68d-898c88608fe3.jpg,0,11
951327,3057770000508,2369,Campari 70cl,/1/111c0047-3a8c-424f-b2e3-96417ca41c9c.jpg,0,11
197787,5060361960028,2549,Cazcabel Coffee Liqueur with Tequila Blanco 70cl,/1/b2c9fa3e-eb47-4c0a-aad1-783664cb78b6.jpg,0,11
197785,5060361960011,2549,Cazcabel Honey Liqueur with Tequila Blanco 70cl,/1/b2751780-cf62-47b3-8497-b12f370df8f4.jpg,0,11
1008923,5060361960004,3743,Cazcabel Tequila Blanco 70cl,/71172/9beb5825-b3e5-46e6-b807-b8e0fb14decc.jpg,0,11
1011888,5060361960165,3883,Cazcabel Tequila Reposdao 70cl,/71172/9bf26166-d0be-45ca-abe5-955ffdae72a8.jpg,0,11
83813,8004027034491,3149,Chambord Black Raspberry Liqueur 70cl,/1/9054a959-d8af-4645-99c6-f12740e34c4d.jpg,0,11
205737,5021932031103,599,Coco Cariba Tropical Alcoholic Drink with Caribbean Rum & Coconut Flavours 70cl,/1/76f794db-377b-4a88-a52d-cfec9ca8329c.jpg,0,11
275297,3035542004206,2549,Cointreau Orange Liqueur 0.70L,/1/b06676d5-7c2d-49d4-9889-f9b8e30d4412.jpg,0,11
185424,4016683023027,5623,Cool Shot Mixed Vodka Shots 20ml,/1/dd7f2da0-57f4-4b4e-86c2-6444dee672a4.jpg,0,11
432948,8710625514203,1349,De Kuyper Blue Curaçao Liqueur 50cl,/1/a7ecc85d-4cf4-41b5-a4cb-99b99c09c306.jpg,0,11
1008970,8710625605529,1823,De Kuyper Creme de Cacao Brown,/71172/b20c17bc-a3d2-4fe7-8a50-87cf4694cee6.jpg,0,11
337871,8710625510779,1199,De Kuyper Crème de Cassis Liqueur 50cl,/1/b6257b04-60cb-4005-a3bb-713d36035219.jpg,0,11
241777,8710625537509,1499,De Kuyper Passion Fruit Liqueur 50cl,/1/c96889c0-d577-4bf3-8fd0-36dcc35e7a17.jpg,0,11
545720,8710625527258,1499,De Kuyper Triple Sec Liqueur 50cl,/1/32550672-1223-4d87-bafc-20a7ccc239f3.jpg,0,11
241922,8710625536502,1349,De Kuyper Wild Strawberry Liqueur 50cl,/1/204d8f6c-cd0c-4f70-bf95-742693575fb8.jpg,0,11
130031,8710625170003,749,De Kuyper® Cocktail Syrup Grenadine 70cl,/1/bfb6b241-63b5-4c9a-a434-0c29608cbf42.jpg,0,11
1011505,618397200929,6623,Del Maguey Vida Mezcal,/71172/63831c02-8945-47ca-aff7-014b99b60336.jpg,0,11
224519,8001110016372,1729,Disaronno Liqueur 500ml,/1/564d6b23-44ee-46dd-ad60-cd3332c9fe99.jpg,0,11
185553,8001110016303,2369,Disaronno Originale 700ml,/1/0696437f-6630-40b9-9489-e56809001d68.jpg,0,11
192185,3162040110945,1998,Don Angel Tequila Blanco 70cl,/1/e98075ea-fd8c-4f72-bd95-3cf539577e45.jpg,0,11
192183,3162040110952,1998,Don Angel Tequila Oro 70cl,/1/544c4d64-cc64-4778-a802-35a3a269de5d.jpg,0,11
1008921,7506064300177,8023,Don Julio Reposado Tequila 70cl,/71172/519e181e-67da-476c-8f79-36b93d4f3707.jpg,0,11
595868,5010391100703,3599,Drambuie Liqueur 70cl,/1/e535d8b8-4847-470f-9b20-fd3301f44bfb.jpg,0,11
1010635,3153330252148,3023,Edmond Briottet Cacao Blanc Liqueur 700ml,/71172/9949937c-ce8f-4aa8-8936-939b8679262f.jpg,0,11
1010628,3153330182049,2723,Edmond Briottet Crème de Mûre Liqueur 700ml,/2/1bf89a08-bb84-41bc-8000-aa20f9310bfc.jpg,0,11
1010634,3153330182025,2823,Edmond Briottet Fraise des Bois Liqueur 700ml,/71172/22198d4a-5561-43d9-999b-e50059836873.jpg,0,11
1010631,3153330182032,2823,Edmond Briottet Framboise Liqueur 700ml,/71172/532fd0eb-2c9e-45b3-b1b5-efd34a44d419.jpg,0,11
1010633,3153330182476,2823,Edmond Briottet Rhubarbe Liqueur 700ml,/2/c5ee2d0e-c9b5-4adc-93c0-311e23080dcd.jpg,0,11
1017486,22644695,3617,Funkin Pre-batch & Cocktail Bundle,/71172/8a81832c-e216-4b8c-95e4-da326977da1e.jpg,0,11
1010637,3153330182261,2823,Liqueur De Litchi 700ml,/71172/6759e0cc-dfa6-4f1f-9ff5-8b4f899ea400.jpg,0,11
1017773,22644848,6919,Malibu & Coconut Cup Bundle,/71172/21642ae3-265d-48cd-8964-0a235d2ff740.jpg,0,11
1013545,4260167661025,2423,The Bitter Truth Peach Bitters 200ml,/71172/860f4041-f194-41b3-8c94-7f80a43aee75.jpg,0,11
1016593,5018970032148,3722,Minivino Chardonnay,/71172/d7af4912-6ff7-45ee-96ce-ca7c78b13d4a.jpg,0,12
1016594,5018970032162,3722,Minivino Merlot,/71172/1bf4fcab-3a9f-4c48-a628-01a1184397b2.jpg,0,12
1016592,5018970032155,3722,Minivino Rose,/71172/d0ca4f3a-0c1b-4a01-b641-b96c8e9f9c06.jpg,0,12
1010775,7312040200702,2783,Absolut Berri Açaí Flavoured Vodka 70cl,/71172/3ed81e4d-7303-481f-bd1e-5d39b4301797.jpg,0,13
44827,7312040090709,2069,Absolut Citron Lemon Flavoured Vodka 70cl,/1/40fd1313-80e2-4a44-bf2d-c740cce4d68e.jpg,0,13
44829,7312040020706,2069,Absolut Kurant Flavoured Vodka 70cl,/1/fc5038fd-ea7b-4734-8e22-3e07ed260737.jpg,0,13
1011867,7312040551668,2783,Absolut Lime Flavoured Vodka 70cl,/71172/b0b1f28d-67ca-465f-9a86-1f863cb5d3b8.jpg,0,13
145758,7312040180707,2069,Absolut Mango Flavoured Vodka 70cl,/1/0e3e4047-bf06-41d3-977c-b26be7a976e6.jpg,0,13
503510,7312040017683,2069,Absolut Original Swedish Vodka 70cl,/1/d9eeb8b7-8b47-4783-9682-03f139c3c739.jpg,0,13
256672,7312040552528,2069,Absolut Passionfruit Flavoured Vodka 70cl,/1/f79f18e5-6594-4294-ad16-0f1370711b5c.jpg,0,13
1012886,7312040150700,2783,Absolut Pears Flavoured Vodka 70cl,/71172/657aaea0-01a5-4bc3-bd9d-195d7544daca.jpg,0,13
342171,7312040040704,2069,Absolut Raspberri Flavoured Vodka 70cl,/1/6b87cda6-0b97-4f8f-9c93-475f76144621.jpg,0,13
202401,7312040060702,2069,Absolut Vanilia Flavoured Vodka 70cl,/1/b50a9a37-3116-49cf-8ef3-85ae262be572.jpg,0,13
260118,5051175738156,3449,Au Vodka Black Grape 70cl,/1/b2311a32-bf8d-4733-ad65-1002fd9201e0.jpg,0,13
263493,5051175738194,3449,Au Vodka Blue Raspberry Flavoured Vodka Spirit Drink 70cl,/1/187c3a57-6803-42ab-a1d3-b70477782fcc.jpg,0,13
261422,5051175738170,3449,Au Vodka Fruit Punch 70cl,/1/ffc9face-a80b-4667-b24e-52d4fcec284d.jpg,0,13
1008973,5901041003355,5523,Belvedere  Citrus,/71172/361fd0be-c7b9-4d65-832d-bbb7836e758f.jpg,0,13
1008922,5901041003256,5523,Belvedere Pink Grapefruit Vodka 70cl,/71172/cf06087a-5f83-463a-b531-37c0e221e52d.jpg,0,13
92625,5901041003003,4499,Belvedere Vodka 70cl,/1/d658652a-c709-49fe-ae16-ced3872a9d01.jpg,0,13
1012345,5060323760024,3422,Black Cow Vodka 50cl,/71172/cbee644e-d2b9-4d1b-869e-414a826d6410.jpg,0,13
1008906,5060069050021,3322,Blackwoods Premium Vodka 40% 70cl,/71172/c2131b4c-0d0f-47f9-8034-6592c6ea69b1.jpg,0,13
1016583,5026608000315,5615,Chapel Down Chardonnay Vodka 70cl,/71172/200c74d0-fb83-46da-9f82-fb48c7267b0f.jpg,0,13
1011060,5060183130463,5823,Chase Aged Marmalade Vodka 70cl,/71172/1592d556-e3ef-4311-aa5e-44ef7490d066.jpg,0,13
1008902,5060183131125,5823,Chase English Rhubarb Vodka 70cl,/71172/8f134755-dff9-4e55-8d19-54bd7fc61d51.jpg,0,13
1008924,5060042640904,5623,Chase Original Potato Vodka 70cl,/71172/bd25e26a-991b-4a2c-a731-58ea4b4a2758.jpg,0,13
66539,5011295100462,1875,Chekov Vodka 1 Litre,/1/36440695-a8f7-4ac6-a412-7aec5346d9c7.jpg,0,13
66553,5011295100509,3922,Chekov Vodka 1.5 Litre,/1/0dc47693-e668-4062-9973-185b5bc0b0f4.jpg,0,13
66533,5011295100622,1325,Chekov Vodka 70cl,/1/76975a90-cc65-4fd9-949f-d216eb14d452.jpg,0,13
201685,5010103938235,3299,Cîroc Apple Flavoured Vodka 70cl,/1/c0b05bb4-4b9c-4b50-9784-af9d6e57be08.jpg,0,13
218585,5010103939874,3299,Cîroc Mango Flavoured Vodka 70cl,/1/a28a078e-9e7e-404d-9214-81c4056931e2.jpg,0,13
192400,5010103937146,3299,Cîroc Pineapple Flavoured Vodka 70cl,/1/afece16f-9f66-410e-b799-966800130a4a.jpg,0,13
136413,5010103916738,3299,Cîroc Premium Vodka 70cl,/1/392c9064-a5e6-450e-80c9-cb93b67ebc5c.jpg,0,13
164938,5010103999991,3299,Cîroc Red Berry Flavoured Vodka 70cl,/1/f7a8374c-52a0-48fc-b111-a7baf012cce2.jpg,0,13
1011716,4971980260516,5823,Eiko Japanese Vodka,/71172/17929caf-dcd4-4a62-bff5-7421b7573ee4.jpg,0,13
100548,5010677804561,1725,Eristoff Premium Vodka 70cl,/1/45a6153d-6a9e-4762-b6d8-287c0689ead9.jpg,0,13
1008975,5099873002162,2895,Finlandia Mango Vodka 70cl,/71172/463654ff-6154-4520-b42a-ed7f3aac61b0.jpg,0,13
1008870,6412709021776,2683,Finlandia Vodka 70cl,/71172/b76ecb65-882b-466d-8fae-5cec2e41c592.jpg,0,13
1012925,750343870760,4623,Ghost Vodka Union Jack Skull Edition,/71172/7afa6084-48fb-4576-926d-410cfa1026fd.jpg,0,13
575506,5016840001614,2059,Glen's Vodka 1 Litre,/1/2aba4748-8a70-4947-bbc8-e3f2c91bb69e.jpg,0,13
265828,5016840102656,1875,Glen's Vodka 1 Litre,/1/b359594c-de21-4933-8d40-0e044885d290.jpg,0,13
915140,5016840001812,4022,Glen's Vodka 1.5 Litre,/1/a5775d45-0abc-46a3-b58b-378377be9377.jpg,0,13
254415,5016840102250,1299,Glen's Vodka 70cl,/1/07e7db73-3740-4a79-a326-a15de363af73.jpg,0,13
265842,5016840102250,1349,Glen's Vodka 70cl,/1/07e7db73-3740-4a79-a326-a15de363af73.jpg,0,13
1008913,5010677890106,5623,Grey Goose La Poire 70cl,/71172/432a9a44-ea00-44e6-b5e1-d08994304bb2.jpg,0,13
266271,5010677850100,4199,Grey Goose Premium Vodka 70cl,/1/c59410f1-5c6c-461b-b31d-666440809411.jpg,0,13
1015026,4901777284920,5123,Haku Japanese Craft Vodka 70cl,/71172/3b3f9498-f248-49a6-aafc-4818bb0635c2.jpg,0,13
260425,5011166060253,2099,J.J Whitley Family Distillers Artisanal Russian Vodka 1 Litre,/1/76563a84-7366-443d-941e-2f4193901060.jpg,0,13
260427,5011166060260,2099,J.J Whitley Raspberry Vodka 1 Litre,/1/abeff74f-016d-47c3-a502-7ffa05815cda.jpg,0,13
1016734,5011166060703,2623,JJ Whitley Rhubarb Vodka 38% 70cl,/71172/748e5418-a25e-43c9-b2b9-978d9d67bd5f.jpg,0,13
1012067,8711566070018,4423,Ketel One Citroen Citrus Flavoured Vodka 70cl,/71172/60d96a47-5961-4713-9d23-bbf20070e660.jpg,0,13
1011634,8711566470009,4623,Ketel One Orange Flavoured Vodka 70cl,/71172/0d8d289d-38a8-476d-94ce-1e533abc1b46.jpg,0,13
1011059,8711566013701,4223,Ketel One Vodka 70cl,/71172/957c624f-2f23-4a38-90b3-b4a481e55899.jpg,0,13
1016617,5011166013099,4223,Red Square Premium Vodka 1.5 Litre,/71172/9be6c56c-8a95-419e-8eac-4a2f2d67174c.jpg,0,13
258059,5011166061830,1499,Red Square Vodka 70cl,/1/e557b389-b223-406b-9579-2cec7fe24d7a.jpg,0,13
231812,4603400001439,1675,Russian Standard Original Vodka 70cl,/1/0c545773-2bbb-4672-a738-f1350f7d0b1e.jpg,0,13
260318,4603400002528,1579,Russian Standard Original Vodka 70cl PMP,/1/67bc75ab-1cfc-4886-8e70-5f26300aaeee.jpg,0,13
1014308,5391530350082,6023,Sausage Tree Pure Irish Vodka 70cl,/71172/b2df36a7-4843-4fa1-a9de-c59208a6deea.jpg,0,13
100572,5410316984607,1499,Smirnoff Green Apple Flavoured Vodka 70cl,/1/264c040a-5801-42ee-8968-ce11dba1e93d.jpg,0,13
100575,5410316991476,1499,Smirnoff Lime Flavoured Vodka 70cl,/1/1a244ab0-dd55-4df0-8734-93a4b9be7e97.jpg,0,13
1011510,5410316982474,2723,Smirnoff Raspberry Flavoured Vodka 70cl,/71172/23d4664d-1e85-4af3-bffd-e75a25d74579.jpg,0,13
772525,5410316442558,5023,Smirnoff Red Label Vodka 1.5L,/1/5b3c0721-0424-43b0-8291-70af389aec2d.jpg,0,13
209387,5410316442930,2849,Smirnoff Red Label Vodka 1L,/1/6015a6cb-b91c-4212-954c-877c55a0b3b5.jpg,1,13
249312,5410316963244,2049,Smirnoff Red Label Vodka 1L,/1/f7a3d107-6eb6-4584-af8d-484a44641847.jpg,0,13
1013539,5000277000982,5823,Aberfeldy 12-Year-Old Single Malt Scotch Whisky 700ml,/71172/85b5b54b-8194-4e23-a8f4-813fe326f5c5.jpg,0,14
1008787,3047100017849,5723,Aberlour Distillery 12 Years Old Speyside Single Malt Scotch Whisky 70cl,/1/74a2332f-9ac8-4075-a81d-30b4285145a6.jpg,0,14
1010766,4969265703308,4423,Akashi Japanese Blended Whisky 50cl,/71172/7aff3360-c3af-4e5d-8039-324e12215ef6.jpg,0,14
1011819,5010494195286,6323,Ardbeg 10 Years Old Single Malt Islay Scotch Whisky 70cl,/71172/d4586b4b-818f-4b74-8410-3323f9f94ec3.jpg,0,14
216483,5010496003565,2999,Auchentoshan American Oak Single Malt Scotch Whisky 70cl,/1/239e5acf-e473-41a4-ae95-68608a9b8eed.jpg,0,14
92623,5000387905535,6023,Bell's Blended Scotch Whisky 1.5L,/1/5349e6ac-89e9-449c-be15-6ebc29db4a51.jpg,0,14
92598,5000387905474,2175,Bell's Blended Scotch Whisky 70cl,/1/0e022055-56aa-41f1-bc7b-2a0765374dbb.jpg,0,14
250268,5000387905474,1579,Bell's Blended Scotch Whisky 70cl,/1/0e022055-56aa-41f1-bc7b-2a0765374dbb.jpg,0,14
92621,5000387905504,2999,Bell's Original,/1/5960dca5-c1df-48f3-a979-db528f14d0b6.jpg,0,14
1012099,5014218776256,5223,Big Peat Whisky,/71172/71f7c3b0-5ff8-419b-a202-aefcf0ed1539.jpg,0,14
1008786,5010496004494,4623,Bowmore No. 1 Single Malt Scotch Whisky 70cl,/71172/e4b5073e-9ae6-4ef4-976c-cb3fcb25fa0c.jpg,0,14
1011639,5000281048406,6223,Bulleit Bourbon 10 Year Old,/71172/5e0d2c8a-70c0-41c4-a6af-61af573e809d.jpg,0,14
214052,5000281038018,3299,Bulleit Bourbon Frontier Whiskey 70cl,/1/161b8a61-643e-4a04-a6c8-fb8c9c31c7d5.jpg,0,14
1008812,82000765585,5023,Bulleit Rye,/71172/8fb71b0d-d898-4827-a315-7908ec6c8e7e.jpg,0,14
110907,5029704217366,4799,Bunnahabhain Islay Single Malt Scotch Whisky 70cl,/1/5cdf35c9-0f98-480f-a05e-d1a25b31a9b5.jpg,0,14
70396,5055966810069,2999,Bushmills Black Bush Irish Whiskey 70cl,/1/f44ffc81-4393-42ee-b26e-265f5f8f4b9e.jpg,0,14
70176,5055966800022,2699,Bushmills Irish Whiskey 70cl,/1/ac387a49-c0d9-4be9-94fa-aac84340b3c8.jpg,0,14
72123,5055966820037,3749,Bushmills Single Malt Irish Whiskey Aged 10 years 700ml,/1/319f0ee5-a461-432a-95a8-0f28786e530c.jpg,0,14
1011633,5000267125459,7623,Cardhu Gold Reserve Single Malt Scotch Whisky 70cl,/71172/04bf8e1f-8139-4073-823c-5cb29ea237cb.jpg,0,14
176362,5000299212936,3149,Chivas Regal 12 Year Old Blended Scotch Whisky 70cl,/1/db0659bc-96f9-4523-a43e-2f9a37dfe635.jpg,0,14
1008823,5000299225004,9823,Chivas Regal 18 Year Old Gold Signature Blended Scotch Whisky 70cl,/2/a154ffa3-cb87-48d4-9a72-52a2e5e89c4f.jpg,0,14
1012263,5065000482039,9623,Compass Box Hedonism Blended Grain Scotch Whisky 70cl,/71172/140243d3-e6be-4b22-9951-4f6a35d105e5.jpg,0,14
1012075,5065000482190,7023,Compass Box The Peat Monster Blended Malt Scotch Whisky 70cl,/71172/2e1251d0-16a1-41d3-a233-d44a77572814.jpg,0,14
1012074,5065000482602,7203,Compass Box Whisky Co. The Spice Tree Blended Malt Scotch Whisky 70cl,/71172/f6ed9945-c300-4d44-953b-f75849bedae8.jpg,0,14
1011635,5000267165493,4823,Copper Dog Blended Scotch Whisky 70cl,/71172/25d1c4f2-a3e7-4c74-bc2e-3dfc11913546.jpg,0,14
1008798,5000281005430,5823,Cragganmore 12 Years Old Single Malt Scotch Whisky 70cl,/71172/f886f397-792b-4fba-9fe8-59ee9fd8cd19.jpg,0,14
1008788,5000281005423,6023,Dalwhinnie 15 Years Old Single Malt Scotch Whisky 70cl,/71172/aaba8e47-3b00-4491-ab92-b98cb11dc163.jpg,0,14
1013536,5000277002450,5023,Dewar's 12-Year-old Blended Scotch Whisky 70cl,/71172/32b1a27d-79a0-4851-ba7b-da5d5a26c4b6.jpg,0,14
1011162,88004005764,6023,Eagle Rare Whiskey,/2/1b510852-c83b-4783-8217-d087ea392ed0.jpg,0,14
1012277,634324891909,7623,FEW  Bourbon,/71172/a2160c8d-0a8d-4932-b712-28895908a62b.jpg,0,14
1011717,4997738170821,5623,Fuyu Japanese Whisky,/71172/33859515-3608-46fd-bfba-61aea19b5793.jpg,0,14
232847,5000299613443,2399,Glen Keith Single Malt Scotch Whisky 70cl,/1/6518fd6a-68db-40d0-b062-2bb309da0f89.jpg,0,14
730870,5010494508307,2199,Glen Moray Speyside Single Malt Scotch Whisky 70cl,/1/94afe974-17af-4f67-9544-77e3d7a378e2.jpg,0,14
263198,5013967014275,1998,Glenfairn Floral Highland Single Malt Scotch Whisky 70cl,/1/78b6ab19-bded-4dd3-bb2c-42577e1f0820.jpg,0,14
263212,5013967014268,1998,Glenfairn Sweet Speyside Single Malt Scotch Whisky 70cl,/1/ee999ba1-ed84-40a0-bc48-af4c2ef55b66.jpg,0,14
818370,5010327000176,4049,Glenfiddich 12 Year Old Single Malt Scotch Whisky 70cl,/1/71d10181-55a5-4370-8b73-a7ce74144795.jpg,0,14
1013060,5010852026634,5023,"Glengoyne 10 Year Old Highland Single Malt Scotch Whisky, 70cl",/71172/027004d8-5f37-4cf3-9c7a-8187edab26ae.jpg,0,14
1013524,5010852026641,5623,"Glengoyne 12 Year Old Highland Single Malt Whisky, 70cl",/71172/67c99f09-2715-43fc-b19f-fc7c8c14aada.jpg,0,14
1011481,5000281049489,8823,Glenkinchie Distillers Edition,/71172/2e57d252-a3ab-41bd-a869-2d33f1541d65.jpg,0,14
47423,5010494560282,4349,Glenmorangie The Original Highland Single Malt Scotch Whisky 70cl,/1/4de92fe7-7763-4314-ab29-7dd15d01b4fd.jpg,0,14
241908,5010327250106,1599,Grant's Triple Wood Blended Scotch Whisky 70cl,/1/74295779-4225-41cf-a202-8fb69c094825.jpg,0,14
1014305,4901777254695,9223,Hakushu Japanese Distillers Reserve,/71172/f9d7a828-bea3-4b5d-8f9b-1a9cd3458631.jpg,0,14
238937,5016840102274,1400,High Commissioner Blended Scotch Whisky 70cl,/1/641baffa-5f1e-471b-8111-c25aab59cb5e.jpg,0,14
611848,5010314570101,4199,Highland Park 12 Year Old Single Malt Scotch Whisky 70cl,/1/80c25c93-ddbf-4713-958c-b913b2e36bf2.jpg,0,14
330522,5099873089613,7423,Jack Daniel's Old No.7 Tennessee Whiskey 1.5lt,/1/ff205002-106a-45e2-8d7d-6e7a2a0aa6a4.jpg,0,14
942979,5099873089798,2699,Jack Daniel's Old No.7 Tennessee Whiskey 70cl,/1/f6ef5601-efef-44fc-897f-792182d2d7ed.jpg,0,14
241205,5099873001585,2299,Jack Daniel's Old No.7 Tennessee Whiskey 70cl PMP,/1/0536dd42-55fa-41c2-b6ba-d6c3e57bb882.jpg,0,14
1008832,5099873088654,7423,Jack Daniel's Single Barrel Select Tennessee Whiskey 70cl,/71172/0f5a58c7-777d-48eb-b0f2-fcda8dee9a27.jpg,0,14
226678,5099873007990,2199,Jack Daniel's Tennessee Honey 70cl PMP,/1/cd2ebeee-408b-4334-a5b8-a169dfe53a99.jpg,0,14
259933,5099873017876,2199,Jack Daniel's Tennessee Whiskey Blended with Apple Liqueur 70cl PMP,/1/bf2bfc06-d955-4c63-b04c-a1dd7ae09a79.jpg,0,14
1014319,5099873006504,3822,Jack Daniel's Tennessee Whiskey Blended with Cinnamon Liqueur 70cl,/71172/4becacbd-4672-4704-820c-0661afa70195.jpg,0,14
1012875,5011007024000,5823,Jameson Black Barrel Irish Whiskey 700ml,/71172/d19a2372-c5dd-44d2-8e66-746389468431.jpg,0,14
1013163,5011007003548,4223,Jameson Crested Irish Whiskey 70cl,/71172/888e691f-ad38-4c39-87a1-396db50bafa8.jpg,0,14
1012911,5011007025960,3822,Jameson IPA Edition Irish Whiskey 70cl,/71172/87a41914-d03a-4b76-bde3-a42b74a24bde.jpg,0,14
516781,5011007003814,7323,Jameson Irish Whiskey 1.5L,/1/85379288-57fa-4598-8288-21aa4637b17f.jpg,0,14
1013259,5011007025410,3822,Jameson Stout Edition Irish Whiskey 70cl,/71172/f3531e79-3ce0-4f87-82d5-26a2b5a1fd9c.jpg,0,14
887968,5011007003005,2549,Jameson Triple Distilled Irish Whiskey 700ml,/1/63c6e511-e690-4c2a-9820-df8a38b04ec1.jpg,0,14
1012884,5011007008345,7623,Redbreast 12 Year Old Irish Whiskey 70cl,/71172/dd84b8c6-b6fd-4dd0-bfb4-1222d1551b33.jpg,0,14
1017398,22640888,9621,Smokehead Whisky & Glass  POS Bundle,/71172/97611754-99af-41ec-a36f-26c8e1917da7.jpg,0,14
1008816,5010327505138,7023,The Balvenie DoubleWood Aged 12 Years Single Malt Scotch Whisky 70cl,/2/7c342efd-fd77-4825-bd04-6ff020d757d0.jpg,0,14
133433,8010471001521,1423,Araldica La Luciana Gavi 75cl,/1/c41c2f76-4144-4f8f-9d16-7ec3a2d41012.jpg,0,15
1011311,9418408030016,3622,Cloudy Bay Sauvignon Blanc 750ml,/71172/1f833e34-0d0e-4098-abb5-6acd05818efa.jpg,0,15
1008849,6001812011011,1043,Douglas Green Sauvignon Blanc 750ml,/71172/ccaba20e-6f81-42f5-995e-5bf0457dc2fc.jpg,0,15
1014414,9421901182076,1935,Marisco Vineyards The King's Favour Sauvignon Blanc 750ml,/71172/0eb91968-930a-4d12-a1a5-2c2820ba5e55.jpg,0,15
1014413,9120020001694,1682,Muller Gruner Veltiner vom Berg,/71172/8ce7690f-42ca-4a89-9ea9-a283548b9f54.jpg,0,15
248876,5010134918077,799,Country Manor Medium Dry Finest Perry 3 Litre,/1/44a82fa4-7b8e-4032-a965-ddaba53c2b31.jpg,0,16
